Company,Mean Score
Google,0.5
Total Cost,0.001834
Microsoft,-0.030000000000000027
Total Cost,0.0036720000000000004
